{"cameraMode":{"drawMode":0,"name":"Shaded","section":"Shading Mode"},"sceneLighting":true,"audioPlay":false,"sceneViewState":{"m_AlwaysRefresh":false,"showFog":true,"showSkybox":true,"showFlares":true,"showImageEffects":true,"showParticleSystems":true,"showVisualEffectGraphs":true,"m_FxEnabled":true},"in2DMode":false,"pivot":{"x":565.6140747070313,"y":234.0799560546875,"z":-205.27664184570313},"rotation":{"x":-0.06626102328300476,"y":-0.011379644274711609,"z":0.000709071580786258,"w":-0.9977851510047913},"size":29.03631591796875,"orthographic":false}